<?xml version="1.0" encoding="UTF-8"?>
<DashboardFolder xmlns="http://soap.sforce.com/2006/04/metadata">
    <folderShares>
        <accessLevel>View</accessLevel>
        <sharedTo>AllInternalUsers</sharedTo>
        <sharedToType>Organization</sharedToType>
    </folderShares>
    <folderShares>
        <accessLevel>Manage</accessLevel>
        <sharedTo>twalsh@funnelmetrics.com</sharedTo>
        <sharedToType>User</sharedToType>
    </folderShares>
    <name>Sales and Marketing Dashboards</name>
</DashboardFolder>
