<?xml version="1.0" encoding="UTF-8"?>
<EmailTemplate xmlns="http://soap.sforce.com/2006/04/metadata">
    <available>true</available>
    <description>HTML Version of letter response to lead form</description>
    <encodingKey>ISO-8859-1</encodingKey>
    <letterhead>Funnel_Metrics_Letterhead</letterhead>
    <name>Customer Lead Response</name>
    <style>formalLetter</style>
    <subject>RE: Your Request for Information from {!Organization.Name}</subject>
    <textOnly>Dear {!Lead.FirstName},

Thank you for your interest in {!Organization.Name} We will be contacting you shortly.  If you&apos;d like to provide a convenient date/time for your call, please respond to this email and we&apos;ll do our best to accommodate.

Sincerely,

The Team at  {!Organization.Name}</textOnly>
    <type>html</type>
</EmailTemplate>
